use project1_ticket_agency;

insert into flight_information( airline, departure, arrival, departure_date, arrival_date, departure_time, arrival_time, flight_code, `type`, price)
-- Đà Nẵng
values('VietJet','Đà Nẵng (DAD)','TP Hồ Chí Minh (SGN)','2020-12-16','2020-12-16','11:40','13:05','VJ629','Hạng phổ thông',49000),
('VietJet','Đà Nẵng (DAD)','TP Hồ Chí Minh (SGN)','2020-12-16','2020-12-16','11:40','13:05','VJ629','Hạng thương gia',699000),
('VietJet','Đà Nẵng (DAD)','TP Hồ Chí Minh (SGN)','2020-12-16','2020-12-16','11:40','13:05','VJ629','Hạng nhất',2300000 ),
-- -----------------------------------
('VietJet','Đà Nẵng (DAD)','TP Hồ Chí Minh (SGN)','2020-12-17','2020-12-17','11:40','13:05','VJ629','Hạng phổ thông',49000),
('VietJet','Đà Nẵng (DAD)','TP Hồ Chí Minh (SGN)','2020-12-17','2020-12-17','11:40','13:05','VJ629','Hạng thương gia',699000),
('VietJet','Đà Nẵng (DAD)','TP Hồ Chí Minh (SGN)','2020-12-17','2020-12-17','11:40','13:05','VJ629','Hạng nhất',2300000 ),
-- -----------------------------------
('VietJet','Đà Nẵng (DAD)','TP Hồ Chí Minh (SGN)','2020-12-18','2020-12-18','11:40','13:05','VJ629','Hạng phổ thông',49000),
('VietJet','Đà Nẵng (DAD)','TP Hồ Chí Minh (SGN)','2020-12-16','2020-12-18','11:40','13:05','VJ629','Hạng thương gia',699000),
('VietJet','Đà Nẵng (DAD)','TP Hồ Chí Minh (SGN)','2020-12-18','2020-12-18','11:40','13:05','VJ629','Hạng nhất',2300000 ),
-- -----
('VietJet','Đà Nẵng (DAD)','TP Hồ Chí Minh (SGN)','2020-12-19','2020-12-19','11:40','13:05','VJ629','Hạng phổ thông',49000),
('VietJet','Đà Nẵng (DAD)','TP Hồ Chí Minh (SGN)','2020-12-19','2020-12-19','11:40','13:05','VJ629','Hạng thương gia',699000),
('VietJet','Đà Nẵng (DAD)','TP Hồ Chí Minh (SGN)','2020-12-19','2020-12-19','11:40','13:05','VJ629','Hạng nhất',2300000 ),
-- ------
('VietJet','Đà Nẵng (DAD)','TP Hồ Chí Minh (SGN)','2020-12-20','2020-12-20','11:40','13:05','VJ629','Hạng phổ thông',49000),
('VietJet','Đà Nẵng (DAD)','TP Hồ Chí Minh (SGN)','2020-12-20','2020-12-20','11:40','13:05','VJ629','Hạng thương gia',699000),
('VietJet','Đà Nẵng (DAD)','TP Hồ Chí Minh (SGN)','2020-12-20','2020-12-20','11:40','13:05','VJ629','Hạng nhất',2300000 ),
-- --------- viet name
('VietnamAirlines','Đà Nẵng (DAD)','TP Hồ Chí Minh (SGN)','2020-12-16','2020-12-16','11:40','13:05','VN131','Hạng phổ thông',49000),
('VietnamAirlines','Đà Nẵng (DAD)','TP Hồ Chí Minh (SGN)','2020-12-16','2020-12-16','11:40','13:05','VN131','Hạng thương gia',699000),
('VietnamAirlines','Đà Nẵng (DAD)','TP Hồ Chí Minh (SGN)','2020-12-16','2020-12-16','11:40','13:05','VN131','Hạng nhất',2300000 ),
-- -----------------------------------
('VietnamAirlines','Đà Nẵng (DAD)','TP Hồ Chí Minh (SGN)','2020-12-17','2020-12-17','11:40','13:05','VN131','Hạng phổ thông',49000),
('VietnamAirlines','Đà Nẵng (DAD)','TP Hồ Chí Minh (SGN)','2020-12-17','2020-12-17','11:40','13:05','VN131','Hạng thương gia',699000),
('VietnamAirlines','Đà Nẵng (DAD)','TP Hồ Chí Minh (SGN)','2020-12-17','2020-12-17','11:40','13:05','VN131','Hạng nhất',2300000 ),
-- -----------------------------------
('VietnamAirlines','Đà Nẵng (DAD)','TP Hồ Chí Minh (SGN)','2020-12-18','2020-12-18','11:40','13:05','VN131','Hạng phổ thông',49000),
('VietnamAirlines','Đà Nẵng (DAD)','TP Hồ Chí Minh (SGN)','2020-12-18','2020-12-18','11:40','13:05','VN131','Hạng thương gia',699000),
('VietnamAirlines','Đà Nẵng (DAD)','TP Hồ Chí Minh (SGN)','2020-12-18','2020-12-18','11:40','13:05','VN131','Hạng nhất',2300000 ),
-- -----
('VietnamAirlines','Đà Nẵng (DAD)','TP Hồ Chí Minh (SGN)','2020-12-19','2020-12-19','11:40','13:05','VN131','Hạng phổ thông',49000),
('VietnamAirlines','Đà Nẵng (DAD)','TP Hồ Chí Minh (SGN)','2020-12-19','2020-12-19','11:40','13:05','VN131','Hạng thương gia',699000),
('VietnamAirlines','Đà Nẵng (DAD)','TP Hồ Chí Minh (SGN)','2020-12-19','2020-12-19','11:40','13:05','VN131','Hạng nhất',2300000 ),
-- ------
('VietnamAirlines','Đà Nẵng (DAD)','TP Hồ Chí Minh (SGN)','2020-12-20','2020-12-20','11:40','13:05','VN131','Hạng phổ thông',49000),
('VietnamAirlines','Đà Nẵng (DAD)','TP Hồ Chí Minh (SGN)','2020-12-20','2020-12-20','11:40','13:05','VN131','Hạng thương gia',699000),
('VietnamAirlines','Đà Nẵng (DAD)','TP Hồ Chí Minh (SGN)','2020-12-20','2020-12-20','11:40','13:05','VN131','Hạng nhất',2300000 ),
-- --------- chiều về
('VietnamAirlines','TP Hồ Chí Minh (SGN)','Đà Nẵng (DAD)','2020-12-17','2020-12-17','11:40','13:05','VN131','Hạng phổ thông',49000),
('VietnamAirlines','TP Hồ Chí Minh (SGN)','Đà Nẵng (DAD)','2020-12-17','2020-12-17','11:40','13:05','VN131','Hạng thương gia',699000),
('VietnamAirlines','TP Hồ Chí Minh (SGN)','Đà Nẵng (DAD)','2020-12-17','2020-12-17','11:40','13:05','VN131','Hạng nhất',2300000),
-- ------
('VietnamAirlines','TP Hồ Chí Minh (SGN)','Đà Nẵng (DAD)','2020-12-18','2020-12-18','11:40','13:05','VN131','Hạng phổ thông',49000),
('VietnamAirlines','TP Hồ Chí Minh (SGN)','Đà Nẵng (DAD)','2020-12-18','2020-12-18','11:40','13:05','VN131','Hạng thương gia',699000),
('VietnamAirlines','TP Hồ Chí Minh (SGN)','Đà Nẵng (DAD)','2020-12-18','2020-12-18','11:40','13:05','VN131','Hạng nhất',2300000),
-- ------
('VietnamAirlines','TP Hồ Chí Minh (SGN)','Đà Nẵng (DAD)','2020-12-19','2020-12-19','11:40','13:05','VN131','Hạng phổ thông',49000),
('VietnamAirlines','TP Hồ Chí Minh (SGN)','Đà Nẵng (DAD)','2020-12-19','2020-12-19','11:40','13:05','VN131','Hạng thương gia',699000),
('VietnamAirlines','TP Hồ Chí Minh (SGN)','Đà Nẵng (DAD)','2020-12-19','2020-12-19','11:40','13:05','VN131','Hạng nhất',2300000),
-- ------
('VietnamAirlines','TP Hồ Chí Minh (SGN)','Đà Nẵng (DAD)','2020-12-20','2020-12-20','11:40','13:05','VN131','Hạng phổ thông',49000),
('VietnamAirlines','TP Hồ Chí Minh (SGN)','Đà Nẵng (DAD)','2020-12-20','2020-12-20','11:40','13:05','VN131','Hạng thương gia',699000),
('VietnamAirlines','TP Hồ Chí Minh (SGN)','Đà Nẵng (DAD)','2020-12-20','2020-12-20','11:40','13:05','VN131','Hạng nhất',2300000),
-- ------
('VietnamAirlines','TP Hồ Chí Minh (SGN)','Đà Nẵng (DAD)','2020-12-21','2020-12-21','11:40','13:05','VN131','Hạng phổ thông',49000),
('VietnamAirlines','TP Hồ Chí Minh (SGN)','Đà Nẵng (DAD)','2020-12-21','2020-12-21','11:40','13:05','VN131','Hạng thương gia',699000),
('VietnamAirlines','TP Hồ Chí Minh (SGN)','Đà Nẵng (DAD)','2020-12-21','2020-12-21','11:40','13:05','VN131','Hạng nhất',2300000),
-- ------- Viet ject
('VietJet','TP Hồ Chí Minh (SGN)','Đà Nẵng (DAD)','2020-12-17','2020-12-17','11:40','13:05','VJ629','Hạng phổ thông',49000),
('VietJet','TP Hồ Chí Minh (SGN)','Đà Nẵng (DAD)','2020-12-17','2020-12-17','11:40','13:05','VJ629','Hạng thương gia',699000),
('VietJet','TP Hồ Chí Minh (SGN)','Đà Nẵng (DAD)','2020-12-17','2020-12-17','11:40','13:05','VJ629','Hạng nhất',2300000),
-- ------
('VietJet','TP Hồ Chí Minh (SGN)','Đà Nẵng (DAD)','2020-12-18','2020-12-18','11:40','13:05','VJ629','Hạng phổ thông',49000),
('VietJet','TP Hồ Chí Minh (SGN)','Đà Nẵng (DAD)','2020-12-18','2020-12-18','11:40','13:05','VJ629','Hạng thương gia',699000),
('VietJet','TP Hồ Chí Minh (SGN)','Đà Nẵng (DAD)','2020-12-18','2020-12-18','11:40','13:05','VJ629','Hạng nhất',2300000),
-- ------
('VietJet','TP Hồ Chí Minh (SGN)','Đà Nẵng (DAD)','2020-12-19','2020-12-19','11:40','13:05','VJ629','Hạng phổ thông',49000),
('VietJet','TP Hồ Chí Minh (SGN)','Đà Nẵng (DAD)','2020-12-19','2020-12-19','11:40','13:05','VJ629','Hạng thương gia',699000),
('VietJet','TP Hồ Chí Minh (SGN)','Đà Nẵng (DAD)','2020-12-19','2020-12-19','11:40','13:05','VJ629','Hạng nhất',2300000),
-- ------
('VietJet','TP Hồ Chí Minh (SGN)','Đà Nẵng (DAD)','2020-12-20','2020-12-20','11:40','13:05','VJ629','Hạng phổ thông',49000),
('VietJet','TP Hồ Chí Minh (SGN)','Đà Nẵng (DAD)','2020-12-20','2020-12-20','11:40','13:05','VJ629','Hạng thương gia',699000),
('VietJet','TP Hồ Chí Minh (SGN)','Đà Nẵng (DAD)','2020-12-20','2020-12-20','11:40','13:05','VJ629','Hạng nhất',2300000),
-- ------
('VietJet','TP Hồ Chí Minh (SGN)','Đà Nẵng (DAD)','2020-12-21','2020-12-21','11:40','13:05','VJ629','Hạng phổ thông',49000),
('VietJet','TP Hồ Chí Minh (SGN)','Đà Nẵng (DAD)','2020-12-21','2020-12-21','11:40','13:05','VJ629','Hạng thương gia',699000),
('VietJet','TP Hồ Chí Minh (SGN)','Đà Nẵng (DAD)','2020-12-21','2020-12-21','11:40','13:05','VJ629','Hạng nhất',2300000);

insert into booking (booking_code)
values
	('abcde'),
	('olkjb'),
	('pokmn'),
	('frwes'),
	('pobcd');
    
insert into app_role (`name`)
values
	('abcde'),
	('olkjb'),
	('pokmn'),
	('frwes'),
	('pobcd');
    
insert into app_account (username, app_role_id)
values
	('abcde', 1),
	('olkjb', 2),
	('pokmn', 3),
	('frwes', 4),
	('pobcd', 5);
    
insert into employee (full_name, app_account_id, gender)
values
	('abcde', 1, 0),
	('olkjb', 2, 0),
	('pokmn', 3, 0),
	('frwes', 4, 0),
	('pobcd', 5, 0);
    
insert into app_user (email, gender)
values
	('hoquynhmai1505@gmail.com', 0),
	('nhatlanh2202@gmail.com', 0),
	('hoquynhmai150595@gmail.com', 0);    
    
insert into invoice (invoice_code, user_id)
values
	('abcde', 1),
	('olkjb', 2),
	('pokmn', 3);
    
insert into status_payment (`name`)
values
	('pending');

insert into ticket (id, price_departure, ticket_code, passenger_name, flight_information_id, booking_id, app_user_id)
values
	(1, 550000, 'abcde', 'Ho Quynh Mai', 1, 1, 1),
	(2, 150000, 'olkjb', 'Nguyen Nhat Lanh', 2, 2, 2),
	(3, 650000, 'pokmn', 'Luong Quang Din', 3, 3, 3);